1124,hpolgreen0@artisteer.com,61552,ABORDANDO,UNUBLYEY,5,5,02/09/2021
2755,zhyam1@spotify.com,17636,A TIEMPO,BLES3ZWY,2,6,12/11/2021
3529,hgrogor2@ocn.ne.jp,13271,DEMORADO,HXSCGSB3,2,3,08/05/2021
4,iworwood3@xing.com,61733,DEMORADO,IM7JL6KG,3,2,06/10/2021
3431,hben4@china.com.cn,00326,PROGRAMADO,SAABFEVJ,1,9,01/03/2021
3770,bclelland5@myspace.com,67210,ABORDANDO,ITYD8Y6B,1,3,10/01/2021
334,scowill6@mail.ru,84204,DEMORADO,8DUIGA1A,4,6,06/12/2021
3340,ealtree7@smh.com.au,08284,CANCELADO,KJQO2LT0,5,8,16/12/2021
2573,mcuseck8@seattletimes.com,24557,DEMORADO,X1UUEPKG,1,9,28/02/2021
2995,fpepper9@sphinn.com,10986,CANCELADO,UGISZP5W,2,9,17/02/2021
2853,apenyltona@hao123.com,68643,A TIEMPO,A82D1HE3,2,5,14/01/2021
1779,kjoistb@scientificamerican.com,84519,PROGRAMADO,GZUYEGOS,5,10,08/06/2021
3948,bholdeyc@plala.or.jp,89375,ABORDANDO,XVWOW9WU,4,7,22/10/2021
3509,bdawleyd@mtv.com,38503,PROGRAMADO,111J3LAK,5,6,26/02/2021
1693,mvillagee@utexas.edu,61447,PROGRAMADO,1X3638QT,1,10,23/09/2021
34,jlacostef@youtu.be,36682,PROGRAMADO,33SA4B6G,3,1,04/02/2021
3847,useelbachg@tripod.com,57132,PROGRAMADO,VLQBPEGK,2,5,01/04/2021
1284,fbozworthh@imageshack.us,53243,DEMORADO,0JQB2N8P,4,1,21/01/2021
797,mgreatbanki@tamu.edu,95306,A TIEMPO,IE99NG4R,5,6,24/11/2021
2102,cmccawleyj@webnode.com,91543,PROGRAMADO,DSQ56U9I,8,5,30/06/2021
543,oackredk@sakura.ne.jp,58331,ABORDANDO,CGWZKN7W,4,8,25/09/2021
1862,csurgenerl@mediafire.com,95111,ABORDANDO,2V3C6D71,7,4,06/12/2021
1872,semminesm@rediff.com,31223,PROGRAMADO,7TYABO7K,4,4,13/12/2021
734,ptaverinern@bbb.org,83304,PROGRAMADO,JMKGOIOP,9,8,23/07/2021
657,crenyardo@soup.io,18145,A TIEMPO,HFARDL7V,3,6,14/12/2021
749,pcrumbleholmep@wikipedia.org,70593,PROGRAMADO,IAEPH28Y,7,4,21/12/2021
1957,skeynesq@wordpress.org,78401,DEMORADO,6OW8N36N,1,9,11/08/2021
1538,lfisbeyr@google.com.br,58073,ABORDANDO,52OEEASL,4,3,25/05/2021
1990,saronsons@miibeian.gov.cn,61647,CANCELADO,KLSGJDLP,5,4,18/10/2021
453,blidgertwoodt@imdb.com,87492,A TIEMPO,JOIRMAC9,4,8,22/07/2021
3896,zcartmelu@bluehost.com,67628,ABORDANDO,NDS5WWPK,5,8,01/10/2021
322,bgearv@spiegel.de,83708,PROGRAMADO,IJ4RQ4ER,6,4,08/04/2021
657,mbroseniusw@netlog.com,45023,CANCELADO,LOOECWUH,7,10,03/09/2021
2306,kquippx@noaa.gov,07806,A TIEMPO,2R2BIZCX,4,5,23/07/2021
2016,dborgbartoloy@howstuffworks.com,86020,ABORDANDO,1WVGK7T0,9,7,28/04/2021
1186,nmordecaiz@usnews.com,12651,PROGRAMADO,K853Z7KM,5,5,12/04/2021
3670,emckeighen10@tripadvisor.com,13491,DEMORADO,9CNMEXZ6,7,9,10/06/2021
2539,irosenbarg11@amazon.co.uk,53755,A TIEMPO,LFDXYBKB,1,3,25/05/2021
2927,mblitz12@techcrunch.com,70053,CANCELADO,7V7NMQSH,6,6,27/08/2021
2493,nmcsaul13@yelp.com,61027,PROGRAMADO,RYL6MU1H,3,10,16/05/2021
2543,msebyer14@answers.com,76154,A TIEMPO,VB0LKG7O,6,7,15/05/2021
3410,mgraham15@stanford.edu,44940,ABORDANDO,9VI5PQ1J,2,2,25/02/2021
2021,ogrievson16@cmu.edu,66816,DEMORADO,HXS8E5PN,2,9,20/08/2021
3085,akeitch17@vistaprint.com,72282,DEMORADO,F3V5G3BQ,8,5,13/07/2021
3079,acovert18@spotify.com,26084,A TIEMPO,0YBVA8IB,7,8,06/07/2021
1899,jstainbridge19@i2i.jp,40352,ABORDANDO,FKHEABWA,7,10,04/10/2021
1292,tstuer1a@epa.gov,83152,CANCELADO,5LW0GU12,9,6,09/04/2021
3447,wbroadwood1b@taobao.com,03135,A TIEMPO,NJLD3IR1,3,7,06/08/2021
3421,lhender1c@hc360.com,71988,ABORDANDO,3CWTSRYJ,5,1,13/08/2021
3681,mrentoul1d@godaddy.com,43450,CANCELADO,IM25IUCP,2,4,13/01/2021
2987,fkubec1e@comcast.net,77343,PROGRAMADO,R61XSCD5,5,8,08/10/2021
716,cshawel1f@webs.com,91716,DEMORADO,DQPDI0K8,6,9,30/12/2021
2709,lblodgetts1g@apple.com,01646,DEMORADO,8OUJAGWQ,8,4,01/04/2021
3696,gstanbra1h@globo.com,84548,DEMORADO,9SJCJGN2,6,10,10/05/2021
470,mheindrich1i@wikimedia.org,84691,DEMORADO,SD6TOWO2,3,10,05/04/2021
3171,ktanby1j@parallels.com,40995,A TIEMPO,Y8CFDCXG,9,4,12/10/2021
2362,globe1k@slideshare.net,41455,DEMORADO,XZR62G0P,8,2,24/07/2021
3551,gloddy1l@epa.gov,18291,ABORDANDO,EUV8M2CK,9,3,11/08/2021
408,ipember1m@omniture.com,99688,DEMORADO,YI2EXOAK,5,10,26/11/2021
269,abass1n@bandcamp.com,59988,DEMORADO,BFUR69VQ,3,1,13/11/2021
1779,nrabier1o@csmonitor.com,99491,ABORDANDO,79JEMZEK,5,9,09/06/2021
987,hblockley1p@yellowpages.com,69969,CANCELADO,7VWRUN8K,5,3,31/12/2021
2563,cgormley1q@g.co,50883,CANCELADO,ZUCVAMP3,8,7,28/02/2021
2542,rorigin1r@trellian.com,53022,ABORDANDO,84B31ROM,8,2,01/04/2021
622,dmccabe1s@moonfruit.com,60578,DEMORADO,LN5U51AN,7,7,12/02/2021
2714,cmatzaitis1t@surveymonkey.com,49674,CANCELADO,EBACW7Y4,1,6,09/06/2021
2284,amccory1u@vistaprint.com,48360,CANCELADO,W5LK6S3Q,3,6,11/02/2021
1536,tmalham1v@reference.com,21803,ABORDANDO,Y0T923JE,5,5,25/06/2021
524,hskews1w@cdc.gov,48943,CANCELADO,9Z92QJE7,1,7,10/05/2021
838,chugenin1x@google.com.br,17985,DEMORADO,0QVF61Q6,6,8,23/08/2021
455,cferrai1y@unblog.fr,39562,DEMORADO,KAH6F747,5,10,02/03/2021
821,sblacktin1z@apple.com,01797,A TIEMPO,GPAEC7VP,4,7,19/05/2021
3588,tnewgrosh20@nyu.edu,82793,ABORDANDO,FBERLEBZ,4,8,21/08/2021
3661,mfilipov21@taobao.com,36110,ABORDANDO,VMXKJ4M4,7,4,14/11/2021
918,sramsbottom22@issuu.com,39001,A TIEMPO,6FTRNALI,7,4,24/04/2021
3217,mraund23@stumbleupon.com,19407,A TIEMPO,E8VLWPS9,1,4,31/05/2021
1721,dkennedy24@europa.eu,10032,CANCELADO,HYY02V6F,6,9,12/06/2021
2154,vjosefsohn25@merriam-webster.com,54713,A TIEMPO,8PAH0IAP,5,3,25/07/2021
2288,lsurgey26@chron.com,18186,PROGRAMADO,D43D4KQL,4,10,03/12/2021
3261,sgillibrand27@diigo.com,18645,ABORDANDO,SZXM4C6F,5,3,22/03/2021
428,gpinching28@is.gd,19295,ABORDANDO,MGPY7UQB,1,10,02/12/2021
1939,dcaswill29@scientificamerican.com,75721,A TIEMPO,22176HOS,6,1,28/09/2021
2421,mwintringham2a@webs.com,83482,A TIEMPO,K6METPTH,6,6,22/07/2021
726,dgeoghegan2b@businessinsider.com,18924,A TIEMPO,KHL9PBWU,6,6,29/12/2021
2320,hpiddocke2c@gmpg.org,96746,ABORDANDO,DNBHDUD0,3,5,08/12/2021
3127,tlimmer2d@reverbnation.com,95497,DEMORADO,GMOBT5DS,1,6,08/03/2021
3605,jbeckhurst2e@domainmarket.com,98373,PROGRAMADO,XJP1BJ3C,5,1,19/07/2021
3546,jandrzejczak2f@slideshare.net,85053,CANCELADO,HIO91554,4,3,26/01/2021
3401,vbarraclough2g@cam.ac.uk,63491,DEMORADO,T6TRASBJ,7,5,17/11/2021
2090,gelphee2h@bloglines.com,07268,A TIEMPO,MOWUIH4G,5,10,10/08/2021
3214,cmoizer2i@desdev.cn,30860,A TIEMPO,JRTHR3R1,4,2,09/04/2021
3168,cfilippello2j@dmoz.org,72785,PROGRAMADO,ICVL6EOL,2,8,13/04/2021
3039,bkillock2k@com.com,74012,ABORDANDO,CYFPJ826,3,4,06/09/2021
3132,rglede2l@indiatimes.com,59136,DEMORADO,3TXLZMF5,7,7,27/11/2021
1660,jchaytor2m@va.gov,83837,ABORDANDO,G3D39ZCH,6,5,07/08/2021
1007,aaslam2n@independent.co.uk,45656,CANCELADO,K8T293X0,6,8,21/05/2021
3590,ebrogi2o@timesonline.co.uk,79371,A TIEMPO,JM7ZNMU9,5,9,16/05/2021
2488,rbriar2p@telegraph.co.uk,70731,ABORDANDO,Z22KPYCO,2,3,19/01/2021
1443,civeson2q@flavors.me,50966,DEMORADO,TCCTI78O,5,7,09/12/2021
3455,walonso2r@sbwire.com,06941,A TIEMPO,RC0X76BT,9,6,27/04/2021
3110,pwiley2s@un.org,26647,PROGRAMADO,SJTWPFON,2,4,29/10/2021
259,rkinworthy2t@businessweek.com,33452,DEMORADO,KE3B4HZS,4,8,10/04/2021
2898,lvahey2u@skyrock.com,66688,ABORDANDO,UX9KKCKX,6,10,23/12/2021
2874,hearlam2v@cpanel.net,97541,A TIEMPO,6CZTU6EM,5,2,28/03/2021
2171,drichardet2w@seattletimes.com,47697,ABORDANDO,GTJRXG6N,5,7,30/12/2021
406,bdanby2x@lycos.com,68853,CANCELADO,EF45YLHJ,9,6,13/07/2021
1076,kbaress2y@nba.com,01498,ABORDANDO,2PSJL280,6,8,16/03/2021
499,lbassham2z@umn.edu,17008,DEMORADO,VAN7ZJ7B,2,6,02/04/2021
2554,pbroster30@furl.net,87283,ABORDANDO,ENZYHTIN,3,4,15/05/2021
2905,rattrie31@prnewswire.com,83090,PROGRAMADO,9ZWSI37S,5,3,27/01/2021
1841,lleggate32@youku.com,47716,PROGRAMADO,LLUNREG5,5,6,12/09/2021
1850,dmillott33@biglobe.ne.jp,90582,A TIEMPO,R2TA9VZW,9,5,26/07/2021
1009,nbreed34@wp.com,13134,DEMORADO,1XRYM02S,6,8,12/02/2021
3363,cthornley35@jugem.jp,82150,DEMORADO,ZZUOX6RL,7,8,14/09/2021
2806,epickavant36@github.com,30464,A TIEMPO,8KSU36YN,1,8,10/02/2021
2431,fstallebrass37@apache.org,32773,CANCELADO,MT0GSZRJ,1,2,25/04/2021
372,jgherarducci38@vkontakte.ru,81603,CANCELADO,5DMDTQXW,4,6,01/09/2021
1863,rhagard39@qq.com,20822,CANCELADO,KQU1VT50,2,4,10/09/2021
3004,bsutlieff3a@unblog.fr,40916,CANCELADO,PLIJ7X7W,4,9,01/06/2021
2313,gdeyes3b@instagram.com,39606,CANCELADO,Y470F0SY,4,3,19/05/2021
1259,cwarke3c@wordpress.com,21351,PROGRAMADO,BRARJPLL,1,2,08/01/2021
669,bspong3d@nhs.uk,27684,CANCELADO,TTJO6P9B,3,10,20/06/2021
2559,lhughill3e@zimbio.com,63101,ABORDANDO,VF42J81A,4,9,22/12/2021
545,lhadden3f@arizona.edu,88243,ABORDANDO,GODLA2OZ,7,3,13/02/2021
1082,lkerridge3g@usgs.gov,81260,CANCELADO,S1CEC4A8,5,2,19/06/2021
747,felmes3h@mozilla.org,13747,PROGRAMADO,H8D4J3TF,7,7,28/01/2021
2211,trydeard3i@rambler.ru,32059,PROGRAMADO,UKKJ1JPO,7,8,11/04/2021
2249,fjosifovitz3j@lycos.com,25496,DEMORADO,WPC5A3PW,8,6,11/06/2021
341,gboard3k@latimes.com,94372,ABORDANDO,IJOLZQV7,8,3,19/08/2021
628,cmathivat3l@archive.org,22588,CANCELADO,953CKQB0,8,7,01/11/2021
3533,sganniclifft3m@cmu.edu,10669,PROGRAMADO,MTAACVE4,9,1,07/12/2021
538,tgreenaway3n@slashdot.org,63637,CANCELADO,NVP3WN0P,9,4,01/04/2021
1634,lellsworthe3o@desdev.cn,31228,PROGRAMADO,PMSQ1M1O,5,7,01/07/2021
1976,ckidston3p@msu.edu,88520,DEMORADO,ZIAYPY7Y,7,7,08/06/2021
210,amabbett3q@creativecommons.org,92011,ABORDANDO,RIKUHHG2,5,2,10/12/2021
431,bgoodacre3r@cbslocal.com,26494,ABORDANDO,CE7ST9VS,9,5,22/06/2021
3467,trooke3s@trellian.com,58784,ABORDANDO,CHDP3OUX,2,4,24/03/2021
2953,cpalliser3t@squidoo.com,72946,DEMORADO,4YITYHBA,9,8,10/08/2021
2844,nmontrose3u@tuttocitta.it,48651,PROGRAMADO,DXCAOZC7,4,4,05/05/2021
3006,ccorrigan3v@1und1.de,12106,PROGRAMADO,VF4I2CL9,6,3,25/04/2021
1768,jruseworth3w@topsy.com,12104,A TIEMPO,25IQC4L1,6,10,13/05/2021
2809,bfilip3x@ifeng.com,43248,DEMORADO,O76M7ZHZ,3,3,15/05/2021
1277,msirkett3y@dmoz.org,88625,PROGRAMADO,XB38G0JO,3,4,08/09/2021
1354,fdenziloe3z@arizona.edu,28670,DEMORADO,GUYH8TNG,7,4,14/10/2021
340,mgaukrodge40@paypal.com,60923,CANCELADO,T4JOOHZQ,4,5,17/01/2021
1435,fotowey41@illinois.edu,86706,DEMORADO,HTFD6TDS,4,7,26/07/2021
1923,nbartos42@hc360.com,54973,ABORDANDO,YWFM4HHZ,7,7,20/07/2021
34,eoene43@mlb.com,55382,DEMORADO,TC8ORXG6,5,9,15/03/2021
592,apavese44@example.com,03324,DEMORADO,TSOACZ28,1,5,07/03/2021
2296,lfulstow45@amazon.co.uk,88895,ABORDANDO,JTX6BUOC,2,8,03/02/2021
1042,llorek46@nih.gov,65435,ABORDANDO,UHT6AZQZ,8,4,28/10/2021
1685,ipidduck47@ucsd.edu,02506,A TIEMPO,JEXPIFAQ,5,8,09/04/2021
2221,afarfolomeev48@independent.co.uk,47211,A TIEMPO,P928SMBB,3,1,13/05/2021
3400,jboutcher49@moonfruit.com,38792,A TIEMPO,QBITZ7OK,1,8,25/03/2021
2550,ckarpov4a@google.co.uk,37536,ABORDANDO,XG11HFRR,6,10,30/07/2021
862,gtookey4b@xrea.com,42756,ABORDANDO,GARQR5E5,9,1,14/10/2021
2160,rplumridege4c@edublogs.org,05848,A TIEMPO,5RJYJ30E,4,3,14/04/2021
2782,ajagielski4d@infoseek.co.jp,42217,CANCELADO,IVRG0FLX,8,2,14/10/2021
2232,norchard4e@jimdo.com,69884,DEMORADO,BMPR2IM8,4,6,26/05/2021
751,hgomez4f@seattletimes.com,61976,ABORDANDO,IK90BIY1,7,4,20/04/2021
2855,rfallanche4g@mlb.com,34542,A TIEMPO,022U65GG,8,4,15/11/2021
1419,rpoulden4h@gizmodo.com,16624,A TIEMPO,QAWAMSAK,4,6,19/04/2021
2495,bstaubyn4i@elegantthemes.com,93787,A TIEMPO,HJ95JBFU,6,6,10/08/2021
3349,spiggford4j@imageshack.us,35683,ABORDANDO,MGXPCQV0,7,9,13/06/2021
1223,djaffrey4k@constantcontact.com,84049,CANCELADO,KFWF8KLI,6,2,17/01/2021
1499,shelstrom4l@pagesperso-orange.fr,99060,PROGRAMADO,M77M7N57,5,10,12/01/2021
3225,aboutwell4m@youtu.be,32785,PROGRAMADO,YVLALE3P,1,2,22/09/2021
2444,cdaniell4n@reverbnation.com,18644,A TIEMPO,N3IJXSYF,9,5,29/11/2021
1947,ayouings4o@123-reg.co.uk,49276,CANCELADO,IWQ95E8I,1,8,28/01/2021
373,btrouel4p@smh.com.au,89711,ABORDANDO,2JZUAWL7,1,1,17/12/2021
3923,cjenney4q@timesonline.co.uk,04705,ABORDANDO,FAW7WN1X,3,8,04/08/2021
347,krimell4r@wikispaces.com,54175,A TIEMPO,NODAOZ8M,5,4,08/07/2021
80,smurgatroyd4s@symantec.com,96060,ABORDANDO,CMH0KVQ1,6,4,19/09/2021
703,bbengough4t@zimbio.com,93312,A TIEMPO,FYHMI6MJ,1,10,13/12/2021
588,ehafner4u@microsoft.com,65164,ABORDANDO,UV1U63ZG,3,1,27/01/2021
1786,alegendre4v@biblegateway.com,69886,CANCELADO,4B2N9IZP,3,9,03/06/2021
3458,rlinskill4w@accuweather.com,02109,A TIEMPO,50EMGSLO,1,2,25/06/2021
3197,rbrosetti4x@google.com.br,06739,PROGRAMADO,NF3QARG6,4,8,14/05/2021
1264,kbedward4y@webeden.co.uk,20047,CANCELADO,CGZ186G2,2,7,20/06/2021
2520,lfentem4z@washington.edu,06473,ABORDANDO,54IAYBCV,4,10,06/09/2021
1740,apotier50@themeforest.net,68409,ABORDANDO,UEW5Y6ZY,9,6,29/04/2021
1755,wfydo51@unesco.org,91696,ABORDANDO,GUO7WJRZ,4,2,26/11/2021
1865,jsharpe52@instagram.com,75438,A TIEMPO,04PUVUJS,9,6,04/08/2021
1712,hstockin53@lycos.com,48769,DEMORADO,5DDEGED5,1,2,03/04/2021
2237,jlewsley54@uiuc.edu,45486,PROGRAMADO,QQ5SYQ82,1,3,21/04/2021
1372,dclubb55@unicef.org,57440,CANCELADO,JI4LQ4VM,6,2,16/01/2021
143,klackie56@examiner.com,39955,PROGRAMADO,DMRIVJCT,8,6,12/10/2021
2566,rtoyer57@tiny.cc,12585,A TIEMPO,P3JQSE6Z,8,3,10/03/2021
301,wsaxelby58@tuttocitta.it,16878,ABORDANDO,AU8EHJCU,2,6,16/09/2021
760,ndudding59@imgur.com,77856,PROGRAMADO,ZN1PTMFW,9,1,24/08/2021
2799,cbryers5a@google.co.uk,43659,A TIEMPO,3R03PSSH,8,2,02/11/2021
2690,shadwin5b@google.ca,44104,A TIEMPO,MZRV7L2P,7,5,07/06/2021
684,shaskins5c@arizona.edu,39718,PROGRAMADO,ZD2T6DPH,4,10,29/06/2021
956,vdearnaly5d@odnoklassniki.ru,47544,A TIEMPO,MEI5GRBG,8,3,24/01/2021
2672,mmacevilly5e@globo.com,14976,PROGRAMADO,9GYWWSGC,4,10,15/07/2021
2430,sgoby5f@paypal.com,77304,CANCELADO,RB7PQKXI,8,6,05/09/2021
3660,silyasov5g@fotki.com,01930,ABORDANDO,L3NHRO3K,7,7,15/01/2021
3389,bzorzi5h@engadget.com,52928,ABORDANDO,WU13GNG5,3,5,26/09/2021
682,bfairbanks5i@about.com,13288,ABORDANDO,OE0HVY2G,4,3,19/06/2021
661,cfleckno5j@tripod.com,18303,PROGRAMADO,LUF1SKVJ,6,6,23/06/2021
1495,jerridge5k@csmonitor.com,68215,CANCELADO,PA6QXGBC,1,5,12/11/2021
1959,dlofty5l@ameblo.jp,12542,ABORDANDO,M4ACIU0B,3,7,17/07/2021
1551,browet5m@biblegateway.com,73472,CANCELADO,01A7MA8A,7,9,06/03/2021
549,sedel5n@behance.net,66064,A TIEMPO,20IY0OBG,3,2,03/04/2021
2618,eordish5o@moonfruit.com,89070,DEMORADO,8Z7BV8FX,3,4,03/04/2021
2152,edotson5p@fotki.com,34995,CANCELADO,Y3VM690K,5,9,13/08/2021
2548,tedgworth5q@whitehouse.gov,80356,A TIEMPO,K5JRSDYI,9,8,28/11/2021
525,vsurr5r@admin.ch,78372,A TIEMPO,RPPOFCJ6,6,3,05/01/2021
3730,otoghill5s@msu.edu,51189,A TIEMPO,LN31SW7N,8,8,11/08/2021
2589,cmeadmore5t@google.ca,72205,ABORDANDO,DBQP7JEA,3,7,27/05/2021
1483,twensley5u@aol.com,63596,ABORDANDO,J34YZI04,5,3,10/12/2021
2152,chuc5v@discuz.net,44264,CANCELADO,GCWX6PV0,8,3,12/07/2021
2841,cpottiphar5w@bloglovin.com,71584,DEMORADO,IV9TVUD7,4,1,12/05/2021
3077,bkenelin5x@icq.com,53315,PROGRAMADO,YW3ANOFE,3,7,16/04/2021
3563,frixon5y@ihg.com,71922,PROGRAMADO,LRQQPOZR,3,4,08/10/2021
932,lvallentin5z@youku.com,31464,A TIEMPO,BUDV43SQ,2,3,21/06/2021
259,agerner60@bloomberg.com,07463,PROGRAMADO,HXVSDZPZ,6,8,23/07/2021
3493,lduckit61@wordpress.com,54473,A TIEMPO,DO2NS4A7,9,9,12/02/2021
85,eheaphy62@shareasale.com,06507,A TIEMPO,NGQJDPGT,4,3,12/03/2021
2530,wbleibaum63@dropbox.com,87572,PROGRAMADO,Q01YV0F7,7,10,27/10/2021
968,rwoods64@phpbb.com,05972,DEMORADO,WN7NWDSK,2,2,24/03/2021
3866,abeddow65@baidu.com,43187,PROGRAMADO,IMWSDZ71,1,9,04/11/2021
2455,dsignore66@typepad.com,30396,PROGRAMADO,7OBQW53H,8,8,20/12/2021
2617,ggusticke67@issuu.com,53010,ABORDANDO,Z314BZ0M,4,9,31/08/2021
2052,esimonard68@smugmug.com,95059,A TIEMPO,LU9H2WPI,3,6,01/10/2021
811,gchill69@economist.com,62177,ABORDANDO,8X12N1HH,9,2,27/09/2021
3756,mkahane6a@cbsnews.com,57031,A TIEMPO,A2TJXVH7,9,2,12/04/2021
1733,gwade6b@wp.com,32807,CANCELADO,BKXBSABO,8,7,19/09/2021
428,thaddon6c@istockphoto.com,71241,A TIEMPO,3FWNUBFE,7,2,01/08/2021
3935,nfrere6d@bizjournals.com,05352,A TIEMPO,6S6059D6,2,6,07/05/2021
705,bakhurst6e@mozilla.com,68009,CANCELADO,5OFCGLT5,7,3,08/09/2021
2422,rharbert6f@earthlink.net,92503,DEMORADO,5Y4NAN3R,2,4,07/05/2021
3223,killidge6g@google.it,59701,PROGRAMADO,27PZVXC6,6,1,28/12/2021
2266,vjordeson6h@miitbeian.gov.cn,77213,PROGRAMADO,4ACQ7M5U,8,9,28/01/2021
3724,mcrook6i@nsw.gov.au,20856,A TIEMPO,UEUTNPMV,3,1,07/06/2021
3202,dcogdon6j@reuters.com,03123,CANCELADO,UDJK3Z82,2,1,17/11/2021
2117,mbabin6k@storify.com,22801,DEMORADO,EFF2PM4Z,1,4,12/06/2021
3163,ldelahay6l@printfriendly.com,93489,DEMORADO,V6UDH9ZD,2,8,02/10/2021
1389,gfermoy6m@google.it,72543,PROGRAMADO,HY7PXQ05,5,1,12/12/2021
1389,ssamsworth6n@nature.com,62260,PROGRAMADO,F2NS54AP,4,2,15/11/2021
786,mhembling6o@sbwire.com,02330,PROGRAMADO,I92S2PL9,5,2,31/12/2021
1225,mwombwell6p@phpbb.com,68932,A TIEMPO,JX7JV89W,2,3,24/07/2021
2965,clevi6q@cloudflare.com,73634,A TIEMPO,6LJI3TT5,1,8,07/12/2021
3371,llarwood6r@sina.com.cn,43240,CANCELADO,NIVOPPIV,9,6,06/10/2021
3213,awiskar6s@infoseek.co.jp,84380,ABORDANDO,E9MR6IUH,9,4,06/03/2021
189,ecorson6t@google.cn,79026,PROGRAMADO,Z5LHWZI5,3,3,29/01/2021
3800,ethorne6u@go.com,98958,ABORDANDO,ORP3G7FF,5,10,18/06/2021
3365,tlarkcum6v@nsw.gov.au,39487,DEMORADO,HSUXJLXG,5,5,06/01/2021
1436,afeetham6w@ftc.gov,00768,A TIEMPO,V36KMJR1,4,8,17/04/2021
1598,balred6x@globo.com,91240,ABORDANDO,9HKFSSXG,1,7,22/02/2021
3911,lpraundlin6y@youku.com,84483,PROGRAMADO,XRGCHAAD,5,2,17/05/2021
2260,asamsworth6z@multiply.com,23975,DEMORADO,LH5GA0Z3,5,2,28/10/2021
3722,estirgess70@quantcast.com,80218,A TIEMPO,633JLTTU,8,2,25/07/2021
1337,melizabeth71@dot.gov,42603,DEMORADO,ZG8GPOKI,7,4,11/02/2021
1623,cdobbings72@jiathis.com,00494,ABORDANDO,Z6WHETMN,6,6,11/03/2021
607,rcleef73@yelp.com,02957,CANCELADO,6QNHCSWX,4,9,08/06/2021
3663,nclaisse74@wunderground.com,39065,A TIEMPO,ZJ6S52WM,4,7,05/12/2021
3460,rkiessel75@taobao.com,95914,CANCELADO,VAUJEU1I,6,7,24/10/2021
654,smattingson76@e-recht24.de,31361,PROGRAMADO,TGED7DTG,9,10,01/05/2021
2992,rdudenie77@constantcontact.com,50048,PROGRAMADO,86CYQK7X,8,1,25/06/2021
112,rtomney78@angelfire.com,94679,DEMORADO,JLC2SE2Q,9,8,26/06/2021
1082,fsaldler79@exblog.jp,86741,ABORDANDO,LBMRU8WO,6,7,22/12/2021
1299,vnuttall7a@cloudflare.com,97860,ABORDANDO,CB555Q1D,6,5,20/07/2021
3057,cgustus7b@163.com,44882,PROGRAMADO,4KKESTZZ,5,1,21/06/2021
3085,dcuniffe7c@imdb.com,81821,CANCELADO,LBDYVG8A,6,2,24/05/2021
1034,wjohnigan7d@sohu.com,24016,CANCELADO,MYD83IBD,4,5,12/09/2021
1218,cphizackerly7e@dmoz.org,22516,PROGRAMADO,9RGHQ2YX,3,1,29/12/2021
3518,blaughlan7f@berkeley.edu,92779,ABORDANDO,S1U9CGQH,7,7,10/09/2021
3704,cgres7g@photobucket.com,02078,CANCELADO,7Z8SZLKN,9,8,24/09/2021
2976,pbanasiak7h@tmall.com,58948,DEMORADO,E43HRW1N,9,6,21/05/2021
3908,cfetherstone7i@utexas.edu,23101,DEMORADO,OZEFJ49H,2,6,02/05/2021
2654,ddrabble7j@abc.net.au,01755,PROGRAMADO,UY0DQRVU,3,7,06/05/2021
3486,erhubottom7k@privacy.gov.au,68979,DEMORADO,D8JHN1HU,5,7,23/12/2021
2018,mveasey7l@networkadvertising.org,15484,PROGRAMADO,2OLHX41K,3,1,31/05/2021
590,dtruesdale7m@wired.com,09950,A TIEMPO,7DFR1ZPA,5,6,23/02/2021
1870,nimorts7n@mtv.com,08727,CANCELADO,KGDGZN8C,8,7,27/07/2021
197,dpanchin7o@mozilla.org,70374,PROGRAMADO,YFZFNUIK,7,4,25/09/2021
180,ejerche7p@github.io,53269,DEMORADO,0BDCH8TL,2,3,09/06/2021
1297,bvillage7q@nbcnews.com,62252,A TIEMPO,ML92JJAY,7,9,22/01/2021
3014,ttruce7r@spiegel.de,16544,DEMORADO,CQDK4XG0,4,8,30/06/2021
1839,wstockley7s@tinypic.com,12562,PROGRAMADO,BFF990WR,8,2,18/06/2021
3232,gleopard7t@naver.com,65516,A TIEMPO,XV6VAW83,1,6,18/11/2021
1753,rburder7u@reddit.com,26232,PROGRAMADO,IKE6MWE3,9,2,26/06/2021
3383,tmunehay7v@furl.net,09566,CANCELADO,IR67FYMB,3,6,06/12/2021
2995,mblackledge7w@example.com,28647,PROGRAMADO,ZS1C0HSO,6,3,01/06/2021
1939,eprudham7x@blogger.com,57749,PROGRAMADO,VFYC6VHK,5,10,06/04/2021
949,bstut7y@ted.com,58980,PROGRAMADO,ZCXJBIYF,6,2,24/12/2021
1879,agreedyer7z@artisteer.com,09652,PROGRAMADO,5TDACFVV,3,2,18/12/2021
2905,tmcneely80@ox.ac.uk,90077,CANCELADO,3Y3TDR19,9,3,06/02/2021
1162,amaydway81@ibm.com,56555,ABORDANDO,AWXH8E2T,7,2,22/12/2021
2362,hmounsie82@google.fr,83805,A TIEMPO,MS0M5MPK,2,8,01/09/2021
3142,ljacobson83@tiny.cc,70030,A TIEMPO,VS462F2Y,7,6,09/09/2021
2206,lagdahl84@blinklist.com,15963,CANCELADO,4IV7I5YA,5,9,27/01/2021
458,fscamerdine85@reference.com,64682,DEMORADO,I6IC0GN0,5,2,21/06/2021
1099,aquilliam86@patch.com,63435,DEMORADO,653P9AWE,1,7,23/08/2021
905,aduham87@weebly.com,00411,ABORDANDO,L26GHLRX,9,9,20/03/2021
3217,mhaukey88@skype.com,61456,ABORDANDO,45GLNPVN,8,6,28/10/2021
2852,tferrucci89@g.co,51790,DEMORADO,OBAV8827,3,5,23/09/2021
2114,vswinerd8a@about.com,12729,ABORDANDO,E78WVJLT,4,5,26/04/2021
3376,tayshford8b@dion.ne.jp,41220,DEMORADO,OTJJCFFY,6,3,22/04/2021
284,mcumbes8c@nba.com,19436,DEMORADO,ZO6E1CKX,7,9,25/08/2021
944,ilongcake8d@cbslocal.com,96312,DEMORADO,UOB3K9Y4,9,1,24/11/2021
447,nspare8e@storify.com,67344,A TIEMPO,RBJBSFOL,6,6,19/05/2021
738,sbedward8f@symantec.com,53641,PROGRAMADO,2UZR8QNL,1,8,08/07/2021
3015,kweatherhogg8g@phpbb.com,19880,A TIEMPO,VY7BA6PV,4,8,22/08/2021
2525,rskune8h@plala.or.jp,97743,A TIEMPO,67ZRILFH,4,4,01/07/2021
397,vfancourt8i@geocities.com,35129,CANCELADO,4OG1EMVA,9,8,07/03/2021
1604,arennick8j@geocities.jp,26562,DEMORADO,KU8ZOEQX,4,2,20/11/2021
1674,ahuguenet8k@reuters.com,52553,PROGRAMADO,81O5M6W0,6,6,21/02/2021
113,cliveing8l@blog.com,81167,A TIEMPO,V8OYO6EM,4,7,16/01/2021
69,sbretland8m@creativecommons.org,10591,CANCELADO,ATJBGVK6,8,2,23/08/2021
3813,apayton8n@blogger.com,67914,A TIEMPO,YRGL5WUF,7,1,22/06/2021
3436,lfawdry8o@yahoo.com,87615,PROGRAMADO,WQ48ERP9,2,2,13/08/2021
29,mitscowics8p@1688.com,86452,ABORDANDO,AFDXD0KU,6,6,30/05/2021
2823,jiron8q@gravatar.com,67916,CANCELADO,AWT1Y7YJ,4,4,08/11/2021
383,mteffrey8r@tripod.com,21497,PROGRAMADO,CM4J7KU1,7,10,17/05/2021
1394,ntams8s@omniture.com,73318,A TIEMPO,F89S8UTD,4,9,21/07/2021
844,dwickmann8t@home.pl,27129,A TIEMPO,1W6ICR2O,1,7,04/11/2021
1605,amyrick8u@ning.com,68487,DEMORADO,CDL8CH3J,8,5,03/06/2021
383,ttigwell8v@nbcnews.com,71283,A TIEMPO,ZHKAOEQN,4,3,28/03/2021
287,nmatelyunas8w@dell.com,31620,CANCELADO,MQI9LMNY,1,2,18/12/2021
3952,etreat8x@usda.gov,12493,A TIEMPO,UUIFN7Q8,3,2,10/02/2021
1035,rlangdon8y@cnet.com,85785,ABORDANDO,JNW1I3NT,1,7,09/08/2021
1450,bbuckthorpe8z@netvibes.com,36357,DEMORADO,6YZO8HAG,3,2,17/04/2021
1581,rstrang90@twitpic.com,70869,ABORDANDO,F283UTVF,8,7,24/07/2021
257,cskittrall91@army.mil,08009,DEMORADO,YNROOAD2,4,8,25/03/2021
3011,gbogace92@japanpost.jp,88183,CANCELADO,JL8GKX75,2,5,06/08/2021
3560,wwhitfield93@goodreads.com,06603,A TIEMPO,KUINMNLL,9,6,05/06/2021
1312,mmacvey94@blogspot.com,89543,DEMORADO,805BHRRD,4,8,06/07/2021
3400,jjedrychowski95@sphinn.com,88731,A TIEMPO,35G8LCU2,8,10,09/11/2021
383,vashcroft96@issuu.com,35603,DEMORADO,LS7SAFT9,6,1,17/02/2021
1335,orolfo97@amazon.com,87391,DEMORADO,MNL16JKA,3,4,15/08/2021
2416,fimloch98@archive.org,49506,A TIEMPO,4G4CQH7Q,5,2,02/04/2021
585,acumine99@stanford.edu,58633,ABORDANDO,J7O7VSY6,6,4,10/05/2021
3253,sbohman9a@nhs.uk,92778,PROGRAMADO,GKMUFKI5,9,6,20/11/2021
2383,cfranzetti9b@aol.com,88488,PROGRAMADO,AXGKEK9T,2,5,16/01/2021
1410,gshelborne9c@ifeng.com,64912,ABORDANDO,5D8TO5LY,1,4,21/03/2021
1129,jdelmonte9d@unesco.org,28507,ABORDANDO,NW8ISUFA,6,5,16/11/2021
3409,bduthy9e@deviantart.com,64086,ABORDANDO,QJNZCUXN,5,3,23/02/2021
716,vdeeks9f@linkedin.com,84942,ABORDANDO,RNHTWLDD,5,9,30/06/2021
3714,sjuschke9g@furl.net,28060,CANCELADO,9Q1YHYCK,4,7,14/04/2021
614,hcuniffe9h@dion.ne.jp,51888,PROGRAMADO,ADFLB0D7,2,7,16/05/2021
3931,skobpac9i@shinystat.com,99933,A TIEMPO,PTBYV2IR,9,10,24/03/2021
3625,ksawood9j@prweb.com,06587,CANCELADO,3RINF4W8,5,8,03/04/2021
1268,tschneider9k@java.com,87542,DEMORADO,CDXU7WRD,9,1,05/12/2021
531,nvreede9l@is.gd,30250,PROGRAMADO,Y0VKTAWY,9,10,16/12/2021
1585,afontenot9m@dagondesign.com,87925,PROGRAMADO,8CS8F05X,3,8,06/11/2021
2437,jkacheler9n@spotify.com,10499,PROGRAMADO,OFS2NI68,4,10,18/02/2021
2475,lnewlove9o@amazon.co.jp,97544,PROGRAMADO,OLB09306,3,4,05/06/2021
840,afifoot9p@amazon.com,54679,ABORDANDO,G1B3YG8H,6,10,13/02/2021
2652,lbiddwell9q@a8.net,00872,PROGRAMADO,T9TRAPS0,5,6,19/09/2021
2732,msuckling9r@theatlantic.com,91233,PROGRAMADO,ZA025BSM,6,7,08/12/2021
3079,dcreboe9s@globo.com,49501,A TIEMPO,Z3LDHHJ6,1,8,01/05/2021
3332,ckubasiewicz9t@sciencedirect.com,67205,ABORDANDO,30SMCTIT,2,9,24/01/2021
1901,dber9u@gravatar.com,77128,A TIEMPO,0IF1UARN,3,7,03/12/2021
3778,sgonning9v@marriott.com,35359,A TIEMPO,MWLHYLXK,6,5,17/10/2021
2713,htwinterman9w@yahoo.com,73794,DEMORADO,WFKPMRIL,7,8,09/01/2021
1502,emcconnulty9x@51.la,87981,DEMORADO,X5ZX5SLR,8,4,22/03/2021
1324,africke9y@eepurl.com,08616,ABORDANDO,VBSWV7HS,3,1,30/08/2021
2878,fkollach9z@digg.com,08347,A TIEMPO,FIXQ66D3,9,2,16/08/2021
2284,echarlwooda0@google.ca,15263,PROGRAMADO,DEOI48RI,1,6,09/01/2021
2175,apadulaa1@toplist.cz,22398,CANCELADO,08GE2YDN,7,10,25/09/2021
1856,wreppera2@deliciousdays.com,61585,A TIEMPO,9NT8INN1,5,8,25/03/2021
1752,nreynoolldsa3@fastcompany.com,33369,DEMORADO,GIACZI5M,6,5,24/11/2021
1143,hhitschera4@drupal.org,63669,A TIEMPO,WCG6Y6O9,4,8,04/10/2021
3848,jheeksa5@blogspot.com,62343,DEMORADO,02NMV73Q,7,5,28/04/2021
155,awillersa6@tinyurl.com,86147,DEMORADO,S23Q1ELK,7,7,14/11/2021
626,mlushera7@thetimes.co.uk,66943,CANCELADO,YUJ1NFU8,2,4,13/09/2021
2850,lthomkinsa8@amazon.com,58685,ABORDANDO,364SFU07,5,6,17/12/2021
244,mcausiera9@stanford.edu,64471,ABORDANDO,UVX46U7Y,9,4,08/10/2021
3717,emammattaa@4shared.com,65856,ABORDANDO,6NRDOUXS,6,8,16/09/2021
2450,bchiplenab@yahoo.co.jp,57893,A TIEMPO,1Z0JOBW0,2,8,19/09/2021
307,sgunthorpeac@meetup.com,56934,CANCELADO,2TLOP5F2,2,1,17/03/2021
1987,saspinwallad@fema.gov,54952,PROGRAMADO,P4WBZBJS,4,8,08/02/2021
3204,emeiklejohnae@columbia.edu,63497,DEMORADO,LV72D2U8,8,6,12/12/2021
3687,nreadingsaf@washington.edu,89519,CANCELADO,OIWN6TB3,4,1,20/03/2021
3690,moldredag@ftc.gov,21635,ABORDANDO,T2ICOE6P,5,5,07/01/2021
1412,tguilaynah@gnu.org,30206,PROGRAMADO,EAHUABMU,7,8,03/12/2021
1412,vroslenai@altervista.org,21328,DEMORADO,MIZALE2P,1,9,14/01/2021
178,ostrangaj@nymag.com,63684,DEMORADO,W0PNFTFC,9,8,16/07/2021
2490,rmacgovernak@salon.com,88610,DEMORADO,DXSXJD6E,1,9,05/04/2021
914,lewestaceal@joomla.org,04277,DEMORADO,XVPB3PTU,3,9,12/01/2021
3761,vcellaam@hibu.com,32639,DEMORADO,E450ESNG,1,7,20/10/2021
3684,iblackleechan@nytimes.com,24973,PROGRAMADO,AA725TN3,8,7,12/09/2021
3222,aoenao@xrea.com,52755,CANCELADO,CCNK715K,1,8,13/11/2021
3460,wrawcliffap@cloudflare.com,05799,CANCELADO,3E6RURO9,4,7,08/07/2021
804,hpulteneyeaq@histats.com,84667,ABORDANDO,93M3QLD3,9,7,07/09/2021
3370,jheindrichar@vistaprint.com,39110,A TIEMPO,NHLKIA0J,9,4,21/11/2021
1535,bgoldaas@zimbio.com,87323,A TIEMPO,XEDQ2HAB,6,10,19/01/2021
1828,ghassanat@etsy.com,74095,PROGRAMADO,QJ40ABP8,2,10,07/12/2021
3137,rvalintineau@sohu.com,11227,DEMORADO,BKJT2BPE,5,8,17/11/2021
3007,gbeanyav@icq.com,43990,DEMORADO,ZP2XYWRW,4,10,07/04/2021
1530,ccolleteaw@lycos.com,34905,PROGRAMADO,H3RVSJH9,7,8,04/04/2021
720,nharfleteax@ning.com,75121,A TIEMPO,1JCQGOLD,5,3,04/03/2021
1059,dsegoay@huffingtonpost.com,29270,PROGRAMADO,1SWLAYV4,1,10,11/06/2021
2187,cgoddenaz@fema.gov,27416,CANCELADO,9CZ6N8WH,3,4,13/08/2021
2137,bcumob0@hud.gov,97355,CANCELADO,RM47Z5E4,5,10,02/05/2021
2240,sitzkovwichb1@themeforest.net,43866,CANCELADO,VZT226FA,3,5,05/10/2021
2383,wemblemb2@deviantart.com,26722,CANCELADO,6OBXHKTW,1,2,30/05/2021
3048,bbatripb3@ibm.com,91589,A TIEMPO,C4VY9HRQ,3,10,29/12/2021
2083,cmccraineb4@t.co,17626,ABORDANDO,JQ4W0YZ2,3,8,21/11/2021
3158,nfranzenb5@nydailynews.com,48564,A TIEMPO,OLG501ZD,6,4,23/02/2021
552,mmacilhaggab6@patch.com,52001,ABORDANDO,RL0LBEEP,6,3,31/05/2021
3875,bsherlandb7@nifty.com,87542,CANCELADO,D5TFR3NE,7,7,18/11/2021
499,ivedeshkinb8@sourceforge.net,22416,A TIEMPO,UN3E8QE4,6,8,27/01/2021
1721,nbaybuttb9@sina.com.cn,97060,CANCELADO,66DGX081,1,3,23/06/2021
2026,jmichieba@dot.gov,72140,CANCELADO,MYBZ5L74,4,1,29/03/2021
3774,afarrisbb@free.fr,25142,A TIEMPO,DL5XANOV,9,9,27/07/2021
1053,jvanmerwebc@paginegialle.it,27798,A TIEMPO,8S3F9FXH,9,9,28/09/2021
1291,calbonbd@ehow.com,05116,CANCELADO,BFM1DF6J,1,4,09/01/2021
650,cbyngbe@google.com,59262,A TIEMPO,SC6SCN44,5,9,06/11/2021
2212,pruscoebf@cyberchimps.com,35271,ABORDANDO,5ZTI54PK,2,2,28/01/2021
3761,tmifflinbg@patch.com,04366,DEMORADO,O8WH4OX2,3,5,28/09/2021
3501,ddecarolisbh@sohu.com,99018,ABORDANDO,4ITO5Y91,8,4,24/07/2021
276,zyegorkinbi@list-manage.com,03382,DEMORADO,ROQ0NPMB,9,3,14/01/2021
400,aunittbj@usa.gov,26843,PROGRAMADO,QLFSXONY,7,5,25/02/2021
1235,cantalbk@linkedin.com,86060,A TIEMPO,DIZ8U7FY,6,2,07/12/2021
3190,acastelbl@squidoo.com,92970,A TIEMPO,NH7GETTW,2,9,29/04/2021
2113,amcwilliamsbm@nifty.com,70747,DEMORADO,BT6UM3G2,6,5,06/12/2021
3630,zdykesbn@4shared.com,15367,PROGRAMADO,NVYOW79X,5,1,07/11/2021
633,jflaybo@google.de,05548,A TIEMPO,C9TSWGHA,8,6,23/06/2021
3612,kansterbp@admin.ch,07079,ABORDANDO,3T1HKMM3,9,1,30/01/2021
893,korthmannbq@odnoklassniki.ru,58769,DEMORADO,NAYEQ2O7,2,10,23/09/2021
1074,plupsonbr@4shared.com,03987,PROGRAMADO,7EPBVU4Y,9,7,22/11/2021
3881,sevreuxbs@google.ca,92900,PROGRAMADO,MKST61MD,2,5,30/10/2021
1530,adabellbt@bloomberg.com,92291,DEMORADO,94AI6KER,8,1,26/03/2021
840,hhughfbu@usnews.com,52987,A TIEMPO,WFIXODP0,4,9,31/05/2021
272,cskedbv@bigcartel.com,38634,DEMORADO,HHYCKPZ3,4,5,21/07/2021
3543,sbengoecheabw@indiatimes.com,89458,PROGRAMADO,FSQ5PTLE,3,7,05/09/2021
2666,movettbx@tinypic.com,51453,PROGRAMADO,WWJ0VEY1,9,2,12/07/2021
1272,bsmerdonby@ox.ac.uk,16784,ABORDANDO,JFJCTHS5,8,2,31/12/2021
3437,tnewellbz@latimes.com,36718,CANCELADO,85RQX30D,4,5,09/05/2021
3003,yblackhamc0@multiply.com,25759,DEMORADO,443MFZIH,6,2,18/03/2021
132,dgregorettic1@com.com,68573,CANCELADO,HZNTLEEF,4,1,09/02/2021
1241,alinckc2@e-recht24.de,87653,PROGRAMADO,3A8QOJCQ,5,8,27/09/2021
2075,dcrouxc3@google.pl,04857,CANCELADO,0GMGRT4S,9,7,14/01/2021
916,tdaughtreyc4@princeton.edu,27960,CANCELADO,593385FX,6,10,11/12/2021
2583,rwooddissec5@ustream.tv,10074,CANCELADO,I8JE6LTD,2,3,04/12/2021
3042,probichonc6@wikia.com,49595,ABORDANDO,W8LE8TNL,6,7,03/10/2021
1524,drhoddiec7@indiegogo.com,58458,DEMORADO,Q6B5LC8E,5,7,19/02/2021
1439,amerryfieldc8@nsw.gov.au,97666,PROGRAMADO,QSCNT4E9,4,9,13/12/2021
3753,awimpeneyc9@stanford.edu,86714,A TIEMPO,BJS0ROEA,3,6,29/10/2021
3635,vgimertca@imageshack.us,62332,ABORDANDO,94GPIQHQ,2,6,18/01/2021
2031,jparradicecb@nyu.edu,11448,DEMORADO,DIM9CH04,7,6,14/10/2021
3793,mbuffcc@google.it,99667,ABORDANDO,CD5NOIS9,1,5,19/08/2021
1227,bgarbuttcd@washingtonpost.com,55338,PROGRAMADO,I00HNDI4,5,10,31/08/2021
384,cnarbettce@mlb.com,65468,PROGRAMADO,X86XNQ53,6,6,02/03/2021
146,smcmychemcf@google.co.jp,39162,DEMORADO,H7HNV9NA,5,1,13/01/2021
449,rblanccg@tripadvisor.com,06020,ABORDANDO,Z8KWW8P6,9,4,19/09/2021
693,gscyonech@delicious.com,81967,A TIEMPO,C7F4SO7J,9,1,11/01/2021
999,fjanosci@phoca.cz,61172,DEMORADO,M63KDMXP,6,10,13/06/2021
227,mlystoncj@com.com,87667,DEMORADO,O40SC0K0,9,10,21/07/2021
844,pfroodck@google.de,52825,CANCELADO,BHZZFXAN,5,1,04/05/2021
563,akeddycl@usnews.com,64360,ABORDANDO,JZUYZ55U,4,10,20/11/2021
856,abrantzencm@freewebs.com,64823,CANCELADO,4A9NZSKU,1,1,17/08/2021
460,cschwaigercn@wired.com,33085,ABORDANDO,CYRL3QKS,8,10,03/08/2021
1324,phaniganco@cam.ac.uk,56474,DEMORADO,0O2ZWBG4,2,5,21/11/2021
3050,mburberowcp@w3.org,90735,CANCELADO,JGTQKWEW,9,8,18/03/2021
2931,balimancq@creativecommons.org,31502,A TIEMPO,7I5IO4J7,1,8,17/02/2021
1750,pbeaucr@sciencedaily.com,91586,CANCELADO,ABRNH9ZF,8,8,26/08/2021
2054,awestellcs@privacy.gov.au,13081,A TIEMPO,XYFPR9Q6,2,6,20/11/2021
835,ybakesefct@adobe.com,32103,ABORDANDO,CJARM1GP,7,6,17/12/2021
3599,ccooringtoncu@scientificamerican.com,78071,PROGRAMADO,J9MTZY4E,6,7,08/07/2021
